word,rarity,reason
grá,4,outside-ascii-letter-wheel
H5N1,4,outside-ascii-letter-wheel
i18n,4,outside-ascii-letter-wheel
I18N,4,outside-ascii-letter-wheel
IC50,4,outside-ascii-letter-wheel
ipé,4,outside-ascii-letter-wheel
L10n,4,outside-ascii-letter-wheel
l33t,4,outside-ascii-letter-wheel
LD50,4,outside-ascii-letter-wheel
n00b,4,outside-ascii-letter-wheel
pr0n,4,outside-ascii-letter-wheel
raï,4,outside-ascii-letter-wheel
café,4,outside-ascii-letter-wheel
CO₂,4,outside-ascii-letter-wheel
fête,4,outside-ascii-letter-wheel
h4x0r,4,outside-ascii-letter-wheel
ID10T,4,outside-ascii-letter-wheel
juré,4,outside-ascii-letter-wheel
père,4,outside-ascii-letter-wheel
phở,4,outside-ascii-letter-wheel
rôle,4,outside-ascii-letter-wheel
veg*n,4,outside-ascii-letter-wheel
animé,4,outside-ascii-letter-wheel
après,4,outside-ascii-letter-wheel
béret,4,outside-ascii-letter-wheel
blasé,4,outside-ascii-letter-wheel
cañon,4,outside-ascii-letter-wheel
caffè,4,outside-ascii-letter-wheel
coöpt,4,outside-ascii-letter-wheel
crème,4,outside-ascii-letter-wheel
crêpe,4,outside-ascii-letter-wheel
dæmon,4,outside-ascii-letter-wheel
métro,4,outside-ascii-letter-wheel
Māori,4,outside-ascii-letter-wheel
massé,4,outside-ascii-letter-wheel
moiré,4,outside-ascii-letter-wheel
névé,4,outside-ascii-letter-wheel
naïve,4,outside-ascii-letter-wheel
pâté,4,outside-ascii-letter-wheel
passé,4,outside-ascii-letter-wheel
pietà,4,outside-ascii-letter-wheel
tantō,4,outside-ascii-letter-wheel
Achæan,4,outside-ascii-letter-wheel
chassé,4,outside-ascii-letter-wheel
cliché,4,outside-ascii-letter-wheel
crèche,4,outside-ascii-letter-wheel
donnée,4,outside-ascii-letter-wheel
dragée,4,outside-ascii-letter-wheel
entrée,4,outside-ascii-letter-wheel
exposé,4,outside-ascii-letter-wheel
fáinne,4,outside-ascii-letter-wheel
Führer,4,outside-ascii-letter-wheel
façade,4,outside-ascii-letter-wheel
fiancé,4,outside-ascii-letter-wheel
flèche,4,outside-ascii-letter-wheel
frappé,4,outside-ascii-letter-wheel
gâteau,4,outside-ascii-letter-wheel
ménage,4,outside-ascii-letter-wheel
mañana,4,outside-ascii-letter-wheel
mêlée,4,outside-ascii-letter-wheel
oöidal,4,outside-ascii-letter-wheel
oölogy,4,outside-ascii-letter-wheel
omertà,4,outside-ascii-letter-wheel
piñata,4,outside-ascii-letter-wheel
prætor,4,outside-ascii-letter-wheel
précis,4,outside-ascii-letter-wheel
régime,4,outside-ascii-letter-wheel
rōmaji,4,outside-ascii-letter-wheel
resumé,4,outside-ascii-letter-wheel
rincón,4,outside-ascii-letter-wheel
risqué,4,outside-ascii-letter-wheel
tædium,4,outside-ascii-letter-wheel
vacuüm,4,outside-ascii-letter-wheel
abt,4,"excluded-usage:abbreviation;excluded-usage:abbreviation,initialism"
adj,4,cyclic-reference:adj
adv,4,excluded-usage:abbreviation
Ana,4,duplicate-after-lowercasing
asf,4,"excluded-usage:abbreviation,initialism;proper-name-or-nonword-sense"
aug,4,excluded-usage:abbreviation
Ave,4,duplicate-after-lowercasing
bbl,4,abbreviation-only-sense;proper-name-or-nonword-sense
Ben,4,duplicate-after-lowercasing
bil,4,excluded-usage:abbreviation
Bio,4,duplicate-after-lowercasing
Boa,4,duplicate-after-lowercasing
Bob,4,duplicate-after-lowercasing
bpd,4,"excluded-usage:abbreviation,initialism"
BSc,4,capitalized-only-without-lowercase-source
btw,4,excluded-usage:abbreviation;proper-name-or-nonword-sense
buz,4,obsolete-or-invalid-form
cas,4,excluded-usage:abbreviation
civ,4,excluded-usage:abbreviation
Cub,4,capitalized-only-without-lowercase-source
dat,4,excluded-usage:nonstandard
Dee,4,duplicate-after-lowercasing
Dem,4,duplicate-after-lowercasing
det,4,excluded-usage:abbreviation
dir,4,excluded-usage:abbreviation
Dom,4,duplicate-after-lowercasing
edu,4,excluded-usage:abbreviation
emp,4,excluded-usage:abbreviation
esp,4,cyclic-reference:esp
Esq,4,capitalized-only-without-lowercase-source
etc,4,cyclic-reference:etc
fsr,4,"excluded-usage:abbreviation,initialism"
Fur,4,duplicate-after-lowercasing
Gas,4,duplicate-after-lowercasing
Gem,4,duplicate-after-lowercasing
Gen,4,duplicate-after-lowercasing
gfx,4,excluded-usage:abbreviation
Gin,4,duplicate-after-lowercasing
Goa,4,duplicate-after-lowercasing
God,4,duplicate-after-lowercasing
gov,4,excluded-usage:abbreviation
grp,4,excluded-usage:abbreviation
Guy,4,duplicate-after-lowercasing
hir,4,excluded-usage:nonstandard
His,4,duplicate-after-lowercasing
Hon,4,duplicate-after-lowercasing
Hun,4,duplicate-after-lowercasing
hwy,4,excluded-usage:abbreviation
Ibo,4,capitalized-only-without-lowercase-source
inc,4,capitalized-root:Inc
Inc,4,capitalized-root:Inc
iso,4,abbreviation-only-sense;excluded-usage:abbreviation
Ivy,4,duplicate-after-lowercasing
Jag,4,duplicate-after-lowercasing
jan,2,obsolete-or-invalid-form
Jap,4,capitalized-only-without-lowercase-source
Jat,4,capitalized-only-without-lowercase-source
Jay,4,duplicate-after-lowercasing
Jew,4,duplicate-after-lowercasing
Job,4,duplicate-after-lowercasing
Kay,4,duplicate-after-lowercasing
Kop,4,capitalized-only-without-lowercase-source
Lab,4,duplicate-after-lowercasing
Lao,4,capitalized-only-without-lowercase-source
Leo,4,duplicate-after-lowercasing
les,2,excluded-usage:abbreviation
lez,4,excluded-root:les
lka,4,"excluded-usage:abbreviation,initialism"
Ltd,4,capitalized-only-without-lowercase-source
Luo,4,capitalized-only-without-lowercase-source
mec,4,excluded-usage:abbreviation
Nan,4,duplicate-after-lowercasing
ned,4,excluded-usage:offensive
Nip,4,duplicate-after-lowercasing
Noh,4,capitalized-only-without-lowercase-source
org,4,excluded-usage:abbreviation
Pan,4,capitalized-only-without-lowercase-source
Pat,4,duplicate-after-lowercasing
pkg,4,excluded-usage:abbreviation
Pop,4,duplicate-after-lowercasing
ppl,4,"excluded-usage:abbreviation;excluded-usage:abbreviation,initialism"
ppm,4,excluded-usage:initialism
pwr,4,capitalized-root:PWR
Ram,4,duplicate-after-lowercasing
Red,4,duplicate-after-lowercasing
Rep,4,duplicate-after-lowercasing
Rho,4,duplicate-after-lowercasing
rie,4,obsolete-or-invalid-form
Rom,4,capitalized-only-without-lowercase-source
Sal,4,duplicate-after-lowercasing
Sam,4,duplicate-after-lowercasing
San,4,duplicate-after-lowercasing
sci,4,excluded-usage:abbreviation
sem,4,excluded-usage:abbreviation
Sem,4,excluded-usage:abbreviation
Sir,4,duplicate-after-lowercasing
Soc,4,duplicate-after-lowercasing
Sol,4,duplicate-after-lowercasing
sta,4,excluded-usage:abbreviation
sth,4,excluded-usage:abbreviation
Sue,4,duplicate-after-lowercasing
sui,3,excluded-usage:abbreviation
Sun,4,duplicate-after-lowercasing
Tai,4,duplicate-after-lowercasing
Tat,4,duplicate-after-lowercasing
Ted,4,capitalized-only-without-lowercase-source
Tee,4,duplicate-after-lowercasing
Thu,4,capitalized-only-without-lowercase-source
tia,4,"excluded-usage:abbreviation,initialism;proper-name-or-nonword-sense"
Tim,4,capitalized-only-without-lowercase-source
Tom,4,duplicate-after-lowercasing
tre,4,obsolete-or-invalid-form
tsp,4,excluded-usage:abbreviation
Urd,4,capitalized-only-without-lowercase-source
ven,4,excluded-usage:abbreviation
ver,4,excluded-usage:abbreviation
vii,4,"excluded-usage:abbreviation,initialism"
viz,4,cyclic-reference:viz
Wed,4,duplicate-after-lowercasing
wif,4,excluded-usage:nonstandard
wpm,4,"excluded-usage:abbreviation,initialism"
Zen,4,capitalized-only-without-lowercase-source
Zia,4,capitalized-only-without-lowercase-source
pre,4,invalid-generated-plural-of-pres
jews,4,capitalized-root:Jew
Abby,4,capitalized-only-without-lowercase-source
abit,4,excluded-usage:nonstandard
abos,4,excluded-root:abo
acad,4,excluded-usage:abbreviation
acct,4,excluded-usage:abbreviation
Acts,4,capitalized-only-without-lowercase-source
Afar,4,duplicate-after-lowercasing
aime,4,obsolete-or-invalid-form
aire,4,obsolete-or-invalid-form
Akan,4,capitalized-only-without-lowercase-source
Alan,4,duplicate-after-lowercasing
albo,4,"excluded-usage:offensive,slur"
alot,4,excluded-usage:misspelling;excluded-usage:nonstandard
Amor,4,capitalized-only-without-lowercase-source
Anal,4,duplicate-after-lowercasing
Andy,4,capitalized-only-without-lowercase-source
Arab,4,capitalized-only-without-lowercase-source
Aran,4,capitalized-only-without-lowercase-source
arme,4,obsolete-or-invalid-form
Asia,4,capitalized-only-without-lowercase-source
Asti,4,capitalized-only-without-lowercase-source
attn,4,excluded-usage:abbreviation
Atty,4,capitalized-only-without-lowercase-source
aube,4,obsolete-or-invalid-form
Aves,4,duplicate-after-lowercasing
Barb,4,duplicate-after-lowercasing
Bari,4,duplicate-after-lowercasing
Bart,4,capitalized-only-without-lowercase-source
Beda,4,capitalized-only-without-lowercase-source
Beeb,4,capitalized-only-without-lowercase-source
Bell,4,duplicate-after-lowercasing
Beta,4,duplicate-after-lowercasing
biol,4,excluded-usage:abbreviation
Blue,4,duplicate-after-lowercasing
Bobo,4,duplicate-after-lowercasing
Boer,4,capitalized-only-without-lowercase-source
boli,4,excluded-usage:abbreviation;excluded-usage:nonstandard
Bomb,4,duplicate-after-lowercasing
Bora,4,duplicate-after-lowercasing
Borg,4,duplicate-after-lowercasing
Bork,4,duplicate-after-lowercasing
Brit,4,duplicate-after-lowercasing
Burg,4,duplicate-after-lowercasing
Carl,4,duplicate-after-lowercasing
Celt,4,duplicate-after-lowercasing
cert,4,cyclic-reference:cert
Chad,4,duplicate-after-lowercasing
Chan,4,duplicate-after-lowercasing
chav,4,excluded-usage:offensive
chem,4,abbreviation-only-sense;excluded-usage:abbreviation
Chin,4,duplicate-after-lowercasing
Chow,4,duplicate-after-lowercasing
cinq,4,obsolete-or-invalid-form
Clio,4,capitalized-only-without-lowercase-source
Coke,4,duplicate-after-lowercasing
comp,4,cyclic-reference:comp
conf,4,excluded-usage:abbreviation
corp,2,cyclic-reference:corp
Cree,4,capitalized-only-without-lowercase-source
creo,4,excluded-usage:abbreviation
Crow,4,duplicate-after-lowercasing
cust,4,excluded-usage:abbreviation
Dada,4,duplicate-after-lowercasing
Dame,4,duplicate-after-lowercasing
Dane,4,capitalized-only-without-lowercase-source
Desi,4,capitalized-only-without-lowercase-source
dest,4,excluded-usage:abbreviation
diag,4,excluded-usage:abbreviation
dich,4,obsolete-or-invalid-form
Doge,4,duplicate-after-lowercasing
drie,4,obsolete-or-invalid-form
Duke,4,duplicate-after-lowercasing
Earl,4,duplicate-after-lowercasing
ebbe,4,obsolete-or-invalid-form
eMac,4,capitalized-only-without-lowercase-source
eres,4,excluded-root:ere
Erse,4,capitalized-only-without-lowercase-source
Euro,4,duplicate-after-lowercasing
Even,4,duplicate-after-lowercasing
fait,4,excluded-usage:misspelling
Fang,4,duplicate-after-lowercasing
Fell,4,duplicate-after-lowercasing
Fiat,4,duplicate-after-lowercasing
fier,4,obsolete-or-invalid-form
Finn,4,capitalized-only-without-lowercase-source
Flip,4,duplicate-after-lowercasing
fMRI,4,capitalized-only-without-lowercase-source
Ford,4,duplicate-after-lowercasing
Fore,4,duplicate-after-lowercasing
foto,4,excluded-usage:nonstandard
Frau,4,capitalized-only-without-lowercase-source
Fred,4,capitalized-only-without-lowercase-source
fuck,4,excluded-usage:vulgar
Fula,4,capitalized-only-without-lowercase-source
Gary,4,capitalized-only-without-lowercase-source
Gaul,4,capitalized-only-without-lowercase-source
Geat,4,duplicate-after-lowercasing
Germ,4,duplicate-after-lowercasing
ghit,4,excluded-usage:abbreviation
Gill,4,duplicate-after-lowercasing
Glen,4,duplicate-after-lowercasing
Gnat,4,duplicate-after-lowercasing
Gold,4,duplicate-after-lowercasing
govt,4,excluded-usage:abbreviation
Grab,4,duplicate-after-lowercasing
Grad,4,duplicate-after-lowercasing
Grey,4,duplicate-after-lowercasing
Grit,4,duplicate-after-lowercasing
gutt,4,obsolete-or-invalid-form
Hall,4,duplicate-after-lowercasing
Hang,4,duplicate-after-lowercasing
Hans,4,capitalized-only-without-lowercase-source
Hebe,4,excluded-usage:offensive
hebe,4,excluded-usage:offensive
Herr,4,capitalized-only-without-lowercase-source
hESC,4,capitalized-only-without-lowercase-source
HiFi,4,capitalized-only-without-lowercase-source
Home,4,duplicate-after-lowercasing
Hopi,4,capitalized-only-without-lowercase-source
hosp,4,excluded-usage:abbreviation
hout,4,excluded-usage:slur
Hugo,4,capitalized-only-without-lowercase-source
Hulk,4,duplicate-after-lowercasing
iDTV,4,capitalized-only-without-lowercase-source
iMac,4,capitalized-only-without-lowercase-source
Inca,4,capitalized-only-without-lowercase-source
inne,4,obsolete-or-invalid-form
inst,4,cyclic-reference:inst
Inuk,4,capitalized-only-without-lowercase-source
Iowa,4,capitalized-only-without-lowercase-source
iPod,4,capitalized-only-without-lowercase-source
Ital,4,duplicate-after-lowercasing
Jack,4,duplicate-after-lowercasing
Jane,4,capitalized-only-without-lowercase-source
Java,4,duplicate-after-lowercasing
Jedi,4,capitalized-only-without-lowercase-source
Jeep,4,capitalized-only-without-lowercase-source
Jehu,4,duplicate-after-lowercasing
jour,4,excluded-usage:abbreviation
Jute,4,duplicate-after-lowercasing
Kami,4,duplicate-after-lowercasing
kewl,4,excluded-usage:nonstandard
Kiev,4,capitalized-only-without-lowercase-source
kike,4,"excluded-usage:offensive;excluded-usage:offensive,slur"
King,4,duplicate-after-lowercasing
Kiwi,4,duplicate-after-lowercasing
kral,4,obsolete-or-invalid-form
kudo,4,excluded-usage:nonstandard
Kuna,4,duplicate-after-lowercasing
Lady,4,duplicate-after-lowercasing
Lamb,4,duplicate-after-lowercasing
Laos,4,capitalized-only-without-lowercase-source
Lego,4,duplicate-after-lowercasing
Lent,4,duplicate-after-lowercasing
Lion,4,duplicate-after-lowercasing
Lord,4,duplicate-after-lowercasing
Love,4,duplicate-after-lowercasing
Lucy,4,capitalized-only-without-lowercase-source
Ludo,4,duplicate-after-lowercasing
LUDs,4,capitalized-only-without-lowercase-source
Luna,4,duplicate-after-lowercasing
Mach,4,capitalized-only-without-lowercase-source
Mack,4,capitalized-only-without-lowercase-source
Main,4,duplicate-after-lowercasing
Male,4,duplicate-after-lowercasing
Mali,4,duplicate-after-lowercasing
Mann,4,duplicate-after-lowercasing
Manx,4,duplicate-after-lowercasing
Mari,4,capitalized-only-without-lowercase-source
Mark,4,duplicate-after-lowercasing
Mars,4,duplicate-after-lowercasing
Mass,4,duplicate-after-lowercasing
Maus,4,capitalized-only-without-lowercase-source
Maya,4,duplicate-after-lowercasing
maye,4,obsolete-or-invalid-form
Mayo,4,duplicate-after-lowercasing
mens,4,excluded-usage:abbreviation;excluded-usage:misspelling;excluded-usage:nonstandard;obsolete-or-invalid-form
mets,4,excluded-usage:abbreviation
mgmt,4,excluded-usage:abbreviation
Mick,4,duplicate-after-lowercasing
Mike,4,duplicate-after-lowercasing
Mine,4,duplicate-after-lowercasing
Mini,4,duplicate-after-lowercasing
mish,4,excluded-usage:abbreviation
Miss,4,duplicate-after-lowercasing
mofo,4,"excluded-usage:abbreviation,vulgar"
Moor,4,duplicate-after-lowercasing
Moro,4,capitalized-only-without-lowercase-source
mRNA,4,capitalized-only-without-lowercase-source
mths,4,excluded-root:mth
Mull,4,duplicate-after-lowercasing
Muse,4,duplicate-after-lowercasing
NaCl,4,capitalized-only-without-lowercase-source
nazi,2,capitalized-root:Nazi
Nazi,4,capitalized-root:Nazi
nbsp,4,"excluded-usage:abbreviation,initialism"
nemo,4,"excluded-usage:abbreviation,acronym"
Nike,4,capitalized-only-without-lowercase-source
Noah,4,capitalized-only-without-lowercase-source
Nova,4,duplicate-after-lowercasing
oare,4,obsolete-or-invalid-form
Oboe,4,duplicate-after-lowercasing
olde,4,obsolete-or-invalid-form
Omer,4,duplicate-after-lowercasing
Oreo,4,capitalized-only-without-lowercase-source
Paki,4,duplicate-after-lowercasing
Pali,4,capitalized-only-without-lowercase-source
Palm,4,duplicate-after-lowercasing
Peep,4,duplicate-after-lowercasing
Peke,4,capitalized-only-without-lowercase-source
pers,4,excluded-usage:nonstandard
Phil,4,capitalized-only-without-lowercase-source
pico,4,excluded-usage:abbreviation
Pike,4,duplicate-after-lowercasing
piss,2,excluded-usage:vulgar
Pkwy,4,capitalized-only-without-lowercase-source
poka,4,excluded-usage:misspelling
Pole,4,duplicate-after-lowercasing
pomo,4,excluded-usage:abbreviation
Pony,4,duplicate-after-lowercasing
Pope,4,duplicate-after-lowercasing
poss,4,cyclic-reference:poss
Pres,4,excluded-root:pre
pres,4,excluded-root:pre
prez,4,excluded-usage:abbreviation
pris,4,obsolete-or-invalid-form
Puma,4,duplicate-after-lowercasing
pyll,4,obsolete-or-invalid-form
Rand,4,duplicate-after-lowercasing
rato,4,capitalized-root:RATO
RNAi,4,capitalized-only-without-lowercase-source
Rose,4,duplicate-after-lowercasing
Roxy,4,capitalized-only-without-lowercase-source
Ruby,4,duplicate-after-lowercasing
Sadh,4,capitalized-only-without-lowercase-source
Said,4,duplicate-after-lowercasing
Sami,4,capitalized-only-without-lowercase-source
Sati,4,duplicate-after-lowercasing
Scot,4,duplicate-after-lowercasing
sein,4,obsolete-or-invalid-form
Sekt,4,capitalized-only-without-lowercase-source
Serb,4,capitalized-only-without-lowercase-source
sexe,4,obsolete-or-invalid-form
shat,3,excluded-root:shit
Shay,4,duplicate-after-lowercasing
shit,4,excluded-usage:vulgar
Sikh,4,capitalized-only-without-lowercase-source
sinn,4,obsolete-or-invalid-form
Slav,4,capitalized-only-without-lowercase-source
Sony,4,duplicate-after-lowercasing
Sora,4,duplicate-after-lowercasing
Sorb,4,duplicate-after-lowercasing
spaz,4,excluded-usage:offensive
spic,4,"excluded-usage:offensive,slur;excluded-usage:slur"
spik,4,excluded-root:spic
Spur,4,duplicate-after-lowercasing
Stan,4,duplicate-after-lowercasing
sted,4,excluded-usage:abbreviation;obsolete-or-invalid-form
Sten,4,duplicate-after-lowercasing
Sufi,4,capitalized-only-without-lowercase-source
suis,4,excluded-root:sui
Svan,4,capitalized-only-without-lowercase-source
Swan,4,duplicate-after-lowercasing
tard,4,excluded-usage:offensive
tbsp,4,excluded-usage:abbreviation
Test,4,duplicate-after-lowercasing
Tewa,4,capitalized-only-without-lowercase-source
Thai,4,capitalized-only-without-lowercase-source
Thur,4,capitalized-only-without-lowercase-source
Tina,4,capitalized-only-without-lowercase-source
Toby,4,duplicate-after-lowercasing
Tony,4,capitalized-only-without-lowercase-source
Tory,4,capitalized-only-without-lowercase-source
traf,4,excluded-usage:abbreviation
tren,4,excluded-usage:abbreviation
tRNA,4,capitalized-only-without-lowercase-source
Tuba,4,duplicate-after-lowercasing
Tues,4,capitalized-only-without-lowercase-source
Tupi,4,capitalized-only-without-lowercase-source
turd,3,excluded-usage:vulgar
Turk,4,capitalized-only-without-lowercase-source
twat,3,"excluded-usage:offensive,vulgar;excluded-usage:vulgar"
Tyke,4,duplicate-after-lowercasing
Unix,4,capitalized-only-without-lowercase-source
upto,4,excluded-usage:misspelling
Ural,4,capitalized-only-without-lowercase-source
Urdu,4,capitalized-only-without-lowercase-source
urne,4,obsolete-or-invalid-form
vart,4,excluded-usage:vulgar
Veda,4,duplicate-after-lowercasing
vers,4,excluded-root:ver
Visa,4,duplicate-after-lowercasing
Vita,4,duplicate-after-lowercasing
Volt,4,duplicate-after-lowercasing
Vote,4,duplicate-after-lowercasing
Walt,4,capitalized-only-without-lowercase-source
wein,4,obsolete-or-invalid-form
Wend,4,duplicate-after-lowercasing
Whig,4,duplicate-after-lowercasing
Whit,4,duplicate-after-lowercasing
wier,4,obsolete-or-invalid-form
WiFi,4,capitalized-only-without-lowercase-source
wilk,4,obsolete-or-invalid-form
Will,4,duplicate-after-lowercasing
wyth,4,obsolete-or-invalid-form
Xena,4,capitalized-only-without-lowercase-source
Xian,4,capitalized-only-without-lowercase-source
Xmas,4,capitalized-only-without-lowercase-source
Yank,4,duplicate-after-lowercasing
Yoga,4,duplicate-after-lowercasing
Yuki,4,capitalized-only-without-lowercase-source
Zaza,4,capitalized-only-without-lowercase-source
Zazi,4,capitalized-only-without-lowercase-source
Zoom,4,duplicate-after-lowercasing
Zulu,4,duplicate-after-lowercasing
Zuni,4,capitalized-only-without-lowercase-source
Aaron,4,capitalized-only-without-lowercase-source
Abdul,4,capitalized-only-without-lowercase-source
ABEND,4,duplicate-after-lowercasing
abime,4,obsolete-or-invalid-form
abray,4,obsolete-or-invalid-form
abyme,4,obsolete-or-invalid-form
Adams,4,capitalized-only-without-lowercase-source
AFAIK,4,capitalized-only-without-lowercase-source
affor,4,obsolete-or-invalid-form
agere,4,excluded-usage:abbreviation
Aggie,4,duplicate-after-lowercasing
Akela,4,capitalized-only-without-lowercase-source
Allen,4,capitalized-only-without-lowercase-source
Alpha,4,duplicate-after-lowercasing
Amati,4,capitalized-only-without-lowercase-source
Amish,4,capitalized-only-without-lowercase-source
ancle,4,obsolete-or-invalid-form
Angel,4,duplicate-after-lowercasing
Angle,4,duplicate-after-lowercasing
Anglo,4,duplicate-after-lowercasing
ANZAC,4,capitalized-only-without-lowercase-source
Apple,4,duplicate-after-lowercasing
Argus,4,capitalized-only-without-lowercase-source
Aries,4,capitalized-only-without-lowercase-source
Aryan,4,capitalized-only-without-lowercase-source
Asian,4,capitalized-only-without-lowercase-source
Assam,4,capitalized-only-without-lowercase-source
assig,4,excluded-usage:abbreviation
Assoc,4,capitalized-only-without-lowercase-source
Atlas,4,duplicate-after-lowercasing
Attic,4,duplicate-after-lowercasing
autor,4,obsolete-or-invalid-form
avise,4,obsolete-or-invalid-form
Azeri,4,capitalized-only-without-lowercase-source
Aztec,4,capitalized-only-without-lowercase-source
Babel,4,capitalized-only-without-lowercase-source
Bajan,4,capitalized-only-without-lowercase-source
Baker,4,duplicate-after-lowercasing
balla,4,excluded-usage:nonstandard
Bantu,4,capitalized-only-without-lowercase-source
BASIL,4,duplicate-after-lowercasing
Batak,4,capitalized-only-without-lowercase-source
befor,4,excluded-usage:misspelling
Begum,4,duplicate-after-lowercasing
Bemba,4,capitalized-only-without-lowercase-source
benis,4,excluded-usage:misspelling
Benny,4,duplicate-after-lowercasing
Betty,4,duplicate-after-lowercasing
Bible,4,duplicate-after-lowercasing
BISDN,4,capitalized-only-without-lowercase-source
bitte,4,obsolete-or-invalid-form
Blimp,4,duplicate-after-lowercasing
Blood,4,duplicate-after-lowercasing
Boche,4,capitalized-only-without-lowercase-source
BOGOF,4,capitalized-only-without-lowercase-source
Botox,4,capitalized-only-without-lowercase-source
Boxer,4,duplicate-after-lowercasing
Brett,4,duplicate-after-lowercasing
Brody,4,duplicate-after-lowercasing
Bronx,4,capitalized-only-without-lowercase-source
Brown,4,duplicate-after-lowercasing
Cajun,4,capitalized-only-without-lowercase-source
Carib,4,capitalized-only-without-lowercase-source
Casta,4,capitalized-only-without-lowercase-source
catte,4,obsolete-or-invalid-form
Chevy,4,duplicate-after-lowercasing
Chewa,4,capitalized-only-without-lowercase-source
China,4,duplicate-after-lowercasing
Chuck,4,duplicate-after-lowercasing
clann,4,obsolete-or-invalid-form
Clear,4,duplicate-after-lowercasing
coala,4,obsolete-or-invalid-form
COBRA,4,duplicate-after-lowercasing
Congo,4,capitalized-only-without-lowercase-source
copro,4,excluded-usage:abbreviation
Creek,4,duplicate-after-lowercasing
Crete,4,capitalized-only-without-lowercase-source
Croat,4,capitalized-only-without-lowercase-source
Cuban,4,capitalized-only-without-lowercase-source
cunny,4,excluded-usage:vulgar;obsolete-or-invalid-form
Cymry,4,capitalized-only-without-lowercase-source
Cynic,4,duplicate-after-lowercasing
Czech,4,capitalized-only-without-lowercase-source
Daisy,4,duplicate-after-lowercasing
Dando,4,capitalized-only-without-lowercase-source
David,4,capitalized-only-without-lowercase-source
Deism,4,capitalized-only-without-lowercase-source
Delft,4,duplicate-after-lowercasing
Delta,4,duplicate-after-lowercasing
Derby,4,duplicate-after-lowercasing
dette,4,obsolete-or-invalid-form
Devon,4,duplicate-after-lowercasing
Dewar,4,capitalized-only-without-lowercase-source
Diana,4,capitalized-only-without-lowercase-source
Dobro,4,capitalized-only-without-lowercase-source
dogge,4,obsolete-or-invalid-form
Dolly,4,duplicate-after-lowercasing
Durex,4,capitalized-only-without-lowercase-source
Dutch,4,duplicate-after-lowercasing
Eagle,4,duplicate-after-lowercasing
EBITA,4,capitalized-only-without-lowercase-source
Ebola,4,capitalized-only-without-lowercase-source
ECLSS,4,capitalized-only-without-lowercase-source
Eddie,4,capitalized-only-without-lowercase-source
Edgar,4,capitalized-only-without-lowercase-source
EDNOS,4,capitalized-only-without-lowercase-source
Effie,4,capitalized-only-without-lowercase-source
eller,4,obsolete-or-invalid-form
Enter,4,duplicate-after-lowercasing
entre,4,obsolete-or-invalid-form
EOLed,4,capitalized-only-without-lowercase-source
EPIRB,4,capitalized-only-without-lowercase-source
EPROM,4,capitalized-only-without-lowercase-source
Ether,4,duplicate-after-lowercasing
faire,4,obsolete-or-invalid-form
Fante,4,capitalized-only-without-lowercase-source
Farsi,4,capitalized-only-without-lowercase-source
FedEx,4,capitalized-only-without-lowercase-source
felch,4,excluded-usage:vulgar
Fifer,4,duplicate-after-lowercasing
finne,4,obsolete-or-invalid-form
fitte,4,obsolete-or-invalid-form
FLOPS,4,capitalized-only-without-lowercase-source
Frank,4,duplicate-after-lowercasing
Freon,4,duplicate-after-lowercasing
FUBAR,4,capitalized-root:FUBAR
fubar,4,capitalized-root:FUBAR
fugly,4,excluded-usage:vulgar
FURPS,4,capitalized-only-without-lowercase-source
fyrst,4,obsolete-or-invalid-form
Garda,4,duplicate-after-lowercasing
garde,4,obsolete-or-invalid-form
Genoa,4,duplicate-after-lowercasing
Giant,4,duplicate-after-lowercasing
Gmail,4,capitalized-only-without-lowercase-source
Grant,4,duplicate-after-lowercasing
Greek,4,duplicate-after-lowercasing
Green,4,duplicate-after-lowercasing
Guido,4,capitalized-only-without-lowercase-source
Gypsy,4,duplicate-after-lowercasing
hafta,4,excluded-usage:abbreviation
Hanif,4,duplicate-after-lowercasing
Hanzi,4,duplicate-after-lowercasing
Harry,4,duplicate-after-lowercasing
hasta,4,excluded-root:hafta
Hausa,4,capitalized-only-without-lowercase-source
Heinz,4,capitalized-only-without-lowercase-source
Helen,4,capitalized-only-without-lowercase-source
HELOC,4,capitalized-only-without-lowercase-source
Henry,4,duplicate-after-lowercasing
Hertz,4,duplicate-after-lowercasing
Higgs,4,capitalized-only-without-lowercase-source
Hindi,4,capitalized-only-without-lowercase-source
Hindu,4,capitalized-only-without-lowercase-source
Hmong,4,capitalized-only-without-lowercase-source
Hymie,4,capitalized-only-without-lowercase-source
hymne,4,obsolete-or-invalid-form
Ibada,4,capitalized-only-without-lowercase-source
iBook,4,capitalized-only-without-lowercase-source
Idaho,4,capitalized-only-without-lowercase-source
InChI,4,capitalized-only-without-lowercase-source
Inuit,4,capitalized-only-without-lowercase-source
Ionic,4,duplicate-after-lowercasing
Iraqi,4,capitalized-only-without-lowercase-source
Irish,4,capitalized-only-without-lowercase-source
Jacky,4,capitalized-only-without-lowercase-source
Jacob,4,capitalized-only-without-lowercase-source
Jaffa,4,duplicate-after-lowercasing
Jenny,4,duplicate-after-lowercasing
Jerez,4,capitalized-only-without-lowercase-source
Jerry,4,capitalized-only-without-lowercase-source
Jesse,4,capitalized-only-without-lowercase-source
Jesus,4,capitalized-only-without-lowercase-source
Jewry,4,capitalized-only-without-lowercase-source
Jimmy,4,duplicate-after-lowercasing
jours,4,excluded-root:jour
Judas,4,duplicate-after-lowercasing
kafir,4,"excluded-usage:abbreviation;excluded-usage:offensive,slur"
Kakao,4,capitalized-only-without-lowercase-source
Kambo,4,capitalized-only-without-lowercase-source
Kappa,4,duplicate-after-lowercasing
Karen,4,capitalized-only-without-lowercase-source
Kelly,4,capitalized-only-without-lowercase-source
Kerry,4,capitalized-only-without-lowercase-source
Khmer,4,capitalized-only-without-lowercase-source
Khoja,4,capitalized-only-without-lowercase-source
Kings,4,duplicate-after-lowercasing
Kongo,4,duplicate-after-lowercasing
Koran,4,capitalized-only-without-lowercase-source
Kraut,4,duplicate-after-lowercasing
KSLOC,4,capitalized-only-without-lowercase-source
labda,4,obsolete-or-invalid-form
Ladin,4,capitalized-only-without-lowercase-source
lapis,4,excluded-usage:abbreviation
Laser,4,duplicate-after-lowercasing
Latin,4,capitalized-only-without-lowercase-source
leche,4,obsolete-or-invalid-form
legge,4,obsolete-or-invalid-form
Lemko,4,capitalized-only-without-lowercase-source
LIBOR,4,capitalized-only-without-lowercase-source
Libra,4,duplicate-after-lowercasing
Limbo,4,duplicate-after-lowercasing
litro,4,excluded-usage:abbreviation
loony,3,excluded-usage:offensive
Lords,4,duplicate-after-lowercasing
Louis,4,duplicate-after-lowercasing
macao,3,obsolete-or-invalid-form
maine,2,obsolete-or-invalid-form
Malay,4,capitalized-only-without-lowercase-source
Maler,4,duplicate-after-lowercasing
Maori,4,capitalized-only-without-lowercase-source
Mario,4,capitalized-only-without-lowercase-source
Mason,4,duplicate-after-lowercasing
Maxim,4,duplicate-after-lowercasing
McJob,4,capitalized-only-without-lowercase-source
meare,4,obsolete-or-invalid-form
Mecca,4,capitalized-only-without-lowercase-source
merde,4,excluded-usage:vulgar
Metis,4,duplicate-after-lowercasing
Miami,4,capitalized-only-without-lowercase-source
MILFs,4,capitalized-only-without-lowercase-source
Mixer,4,duplicate-after-lowercasing
Mogul,4,duplicate-after-lowercasing
Molly,4,duplicate-after-lowercasing
Moose,4,duplicate-after-lowercasing
Morse,4,capitalized-only-without-lowercase-source
MOTAS,4,capitalized-only-without-lowercase-source
MOTOS,4,capitalized-only-without-lowercase-source
MOTSS,4,capitalized-only-without-lowercase-source
mtDNA,4,capitalized-only-without-lowercase-source
mtRNA,4,capitalized-only-without-lowercase-source
musta,4,excluded-usage:abbreviation
NAAFI,4,capitalized-only-without-lowercase-source
Nance,4,capitalized-only-without-lowercase-source
nancy,2,excluded-usage:offensive
Nancy,4,excluded-usage:offensive
neger,4,excluded-usage:offensive
Negro,4,duplicate-after-lowercasing
neice,4,excluded-usage:misspelling
Nigel,4,capitalized-only-without-lowercase-source
nigra,4,"excluded-usage:offensive,slur"
NIMBY,4,duplicate-after-lowercasing
Nippy,4,duplicate-after-lowercasing
nobel,4,excluded-usage:misspelling
Nokia,4,capitalized-only-without-lowercase-source
Norse,4,capitalized-only-without-lowercase-source
NSAID,4,capitalized-only-without-lowercase-source
objet,4,excluded-usage:abbreviation
offre,4,obsolete-or-invalid-form
Ogham,4,capitalized-only-without-lowercase-source
Omani,4,capitalized-only-without-lowercase-source
Omega,4,duplicate-after-lowercasing
ordre,4,obsolete-or-invalid-form
Oriya,4,capitalized-only-without-lowercase-source
Oscar,4,capitalized-only-without-lowercase-source
Ouija,4,capitalized-only-without-lowercase-source
ouvre,4,excluded-usage:misspelling
Paddy,4,duplicate-after-lowercasing
Padre,4,duplicate-after-lowercasing
paine,4,obsolete-or-invalid-form
paire,4,obsolete-or-invalid-form
Papua,4,capitalized-only-without-lowercase-source
parte,4,obsolete-or-invalid-form
Pause,4,duplicate-after-lowercasing
PAYGO,4,capitalized-only-without-lowercase-source
Peach,4,duplicate-after-lowercasing
Peeps,4,duplicate-after-lowercasing
Pepsi,4,capitalized-only-without-lowercase-source
Percy,4,capitalized-only-without-lowercase-source
Peter,4,duplicate-after-lowercasing
PICOW,4,capitalized-only-without-lowercase-source
Piper,4,duplicate-after-lowercasing
PIVKA,4,capitalized-only-without-lowercase-source
platt,4,obsolete-or-invalid-form
Poles,4,capitalized-only-without-lowercase-source
Porto,4,duplicate-after-lowercasing
POTUS,4,capitalized-only-without-lowercase-source
Provo,4,duplicate-after-lowercasing
Pruss,4,capitalized-only-without-lowercase-source
Punch,4,duplicate-after-lowercasing
queef,4,excluded-usage:vulgar
quino,4,obsolete-or-invalid-form
Rabbi,4,duplicate-after-lowercasing
Ratte,4,capitalized-only-without-lowercase-source
Rebel,4,duplicate-after-lowercasing
reede,4,obsolete-or-invalid-form
Reich,4,capitalized-only-without-lowercase-source
rinde,4,obsolete-or-invalid-form
Robin,4,duplicate-after-lowercasing
Roger,4,duplicate-after-lowercasing
Roman,4,duplicate-after-lowercasing
Romeo,4,capitalized-only-without-lowercase-source
Runic,4,capitalized-only-without-lowercase-source
Saami,4,capitalized-only-without-lowercase-source
sabra,4,capitalized-root:Sabra
Santa,4,capitalized-only-without-lowercase-source
sarvo,4,excluded-usage:abbreviation
Satan,4,capitalized-root:Satan
satan,3,capitalized-root:Satan
satis,4,excluded-usage:abbreviation
Savoy,4,capitalized-only-without-lowercase-source
Sayed,4,capitalized-only-without-lowercase-source
Seppo,4,capitalized-only-without-lowercase-source
SFAIK,4,capitalized-only-without-lowercase-source
Shiah,4,capitalized-only-without-lowercase-source
shite,4,excluded-usage:vulgar
shits,4,excluded-root:shit
Shona,4,capitalized-only-without-lowercase-source
SHTML,4,capitalized-only-without-lowercase-source
Simon,4,capitalized-only-without-lowercase-source
Sinti,4,capitalized-only-without-lowercase-source
SNAFU,4,duplicate-after-lowercasing
Sodom,4,capitalized-only-without-lowercase-source
SONET,4,capitalized-only-without-lowercase-source
sonne,4,obsolete-or-invalid-form
sorte,4,obsolete-or-invalid-form
spack,4,excluded-usage:offensive
spazz,4,excluded-root:spaz
SPECT,4,capitalized-only-without-lowercase-source
squaw,4,"excluded-usage:offensive,slur"
SQUID,4,duplicate-after-lowercasing
SSNRI,4,capitalized-only-without-lowercase-source
SSRIB,4,capitalized-only-without-lowercase-source
Start,4,duplicate-after-lowercasing
State,4,duplicate-after-lowercasing
Steen,4,duplicate-after-lowercasing
Steve,4,capitalized-only-without-lowercase-source
Stick,4,duplicate-after-lowercasing
Stoic,4,duplicate-after-lowercasing
SUDEP,4,capitalized-only-without-lowercase-source
sulla,4,"excluded-usage:offensive,slur"
Sunna,4,capitalized-only-without-lowercase-source
Sunni,4,capitalized-only-without-lowercase-source
Suomi,4,capitalized-only-without-lowercase-source
Surat,4,duplicate-after-lowercasing
Susan,4,capitalized-only-without-lowercase-source
Sushi,4,duplicate-after-lowercasing
Sutra,4,duplicate-after-lowercasing
Swati,4,capitalized-only-without-lowercase-source
Swede,4,duplicate-after-lowercasing
Swiss,4,capitalized-only-without-lowercase-source
SYSOP,4,duplicate-after-lowercasing
Taffy,4,duplicate-after-lowercasing
Tajik,4,capitalized-only-without-lowercase-source
Tamil,4,capitalized-only-without-lowercase-source
Tatar,4,capitalized-only-without-lowercase-source
Tempo,4,duplicate-after-lowercasing
TESOL,4,capitalized-only-without-lowercase-source
Tests,4,capitalized-only-without-lowercase-source
Texan,4,capitalized-only-without-lowercase-source
thier,4,excluded-usage:misspelling
Thing,4,duplicate-after-lowercasing
Thurs,4,capitalized-only-without-lowercase-source
Tiger,4,duplicate-after-lowercasing
tigre,4,obsolete-or-invalid-form
Tigre,4,obsolete-or-invalid-form
Tilly,4,duplicate-after-lowercasing
Titan,4,duplicate-after-lowercasing
TOEFL,4,capitalized-only-without-lowercase-source
Tommy,4,capitalized-only-without-lowercase-source
Tonto,4,duplicate-after-lowercasing
Torah,4,capitalized-only-without-lowercase-source
Tower,4,duplicate-after-lowercasing
Turks,4,capitalized-only-without-lowercase-source
twunt,4,excluded-usage:vulgar
Ugric,4,capitalized-only-without-lowercase-source
Union,4,duplicate-after-lowercasing
Uzbek,4,capitalized-only-without-lowercase-source
vamos,4,obsolete-or-invalid-form
Varna,4,duplicate-after-lowercasing
Venda,4,capitalized-only-without-lowercase-source
Venus,4,duplicate-after-lowercasing
Vespa,4,capitalized-only-without-lowercase-source
Virgo,4,capitalized-only-without-lowercase-source
Volga,4,capitalized-only-without-lowercase-source
Volvo,4,capitalized-only-without-lowercase-source
vysar,4,obsolete-or-invalid-form
Welsh,4,capitalized-only-without-lowercase-source
WGWAG,4,capitalized-only-without-lowercase-source
White,4,duplicate-after-lowercasing
whore,3,excluded-usage:vulgar
wilde,4,obsolete-or-invalid-form
Wills,4,capitalized-only-without-lowercase-source
wiver,4,obsolete-or-invalid-form
Wolof,4,capitalized-only-without-lowercase-source
wymyn,4,excluded-usage:nonstandard
Xerox,4,duplicate-after-lowercasing
Xhosa,4,capitalized-only-without-lowercase-source
Yahoo,4,duplicate-after-lowercasing
Zebra,4,duplicate-after-lowercasing
abassi,4,obsolete-or-invalid-form
Abbasi,4,capitalized-only-without-lowercase-source
abbrev,4,cyclic-reference:abbrev
Abdals,4,capitalized-only-without-lowercase-source
Achean,4,capitalized-only-without-lowercase-source
Acteon,4,capitalized-only-without-lowercase-source
Adonis,4,capitalized-only-without-lowercase-source
Adrian,4,capitalized-only-without-lowercase-source
Afghan,4,duplicate-after-lowercasing
Africa,4,capitalized-only-without-lowercase-source
Aghori,4,capitalized-only-without-lowercase-source
Alaska,4,capitalized-only-without-lowercase-source
Albert,4,capitalized-only-without-lowercase-source
Alpine,4,duplicate-after-lowercasing
Amazon,4,duplicate-after-lowercasing
Ameche,4,capitalized-only-without-lowercase-source
Amuzgo,4,capitalized-only-without-lowercase-source
Ancona,4,capitalized-only-without-lowercase-source
Andean,4,capitalized-only-without-lowercase-source
Angola,4,capitalized-only-without-lowercase-source
Ankara,4,capitalized-only-without-lowercase-source
Ansatz,4,duplicate-after-lowercasing
Apache,4,capitalized-only-without-lowercase-source
Apollo,4,duplicate-after-lowercasing
approx,4,cyclic-reference:approx
Arabic,4,capitalized-only-without-lowercase-source
Archie,4,capitalized-only-without-lowercase-source
arcmin,4,excluded-usage:abbreviation
arcsec,4,excluded-usage:abbreviation
Arctic,4,duplicate-after-lowercasing
Arthur,4,capitalized-only-without-lowercase-source
Aruban,4,capitalized-only-without-lowercase-source
asshat,4,excluded-usage:vulgar
Athena,4,capitalized-only-without-lowercase-source
attrib,4,excluded-usage:abbreviation
auctor,4,obsolete-or-invalid-form
Aussie,4,capitalized-only-without-lowercase-source
Austin,4,capitalized-only-without-lowercase-source
autour,4,obsolete-or-invalid-form
Avesta,4,capitalized-only-without-lowercase-source
aweful,4,excluded-usage:misspelling;obsolete-or-invalid-form
Aymara,4,capitalized-only-without-lowercase-source
Babism,4,capitalized-only-without-lowercase-source
Babist,4,capitalized-only-without-lowercase-source
Bailey,4,duplicate-after-lowercasing
Balkan,4,capitalized-only-without-lowercase-source
BANANA,4,duplicate-after-lowercasing
Bangla,4,capitalized-only-without-lowercase-source
Barbie,4,duplicate-after-lowercasing
Basque,4,duplicate-after-lowercasing
Batman,4,duplicate-after-lowercasing
bawbag,4,excluded-usage:vulgar
Beamer,4,duplicate-after-lowercasing
Beaver,4,duplicate-after-lowercasing
Beluga,4,capitalized-only-without-lowercase-source
Bengal,4,capitalized-only-without-lowercase-source
benzin,4,obsolete-or-invalid-form
Berlin,4,capitalized-only-without-lowercase-source
blacky,4,"excluded-usage:offensive,slur"
Bogart,4,duplicate-after-lowercasing
Boglin,4,capitalized-only-without-lowercase-source
Boiler,4,duplicate-after-lowercasing
Bombay,4,capitalized-only-without-lowercase-source
Boston,4,capitalized-only-without-lowercase-source
Brazil,4,duplicate-after-lowercasing
Breton,4,capitalized-only-without-lowercase-source
Brewer,4,duplicate-after-lowercasing
Briton,4,capitalized-only-without-lowercase-source
Buddha,4,duplicate-after-lowercasing
Bunsen,4,capitalized-only-without-lowercase-source
Burger,4,duplicate-after-lowercasing
Burman,4,capitalized-only-without-lowercase-source
cabree,4,obsolete-or-invalid-form
Caesar,4,capitalized-only-without-lowercase-source
Canada,4,capitalized-only-without-lowercase-source
Cancer,4,duplicate-after-lowercasing
Canuck,4,capitalized-only-without-lowercase-source
Centum,4,duplicate-after-lowercasing
Charon,4,capitalized-only-without-lowercase-source
Chazal,4,capitalized-only-without-lowercase-source
Cherry,4,duplicate-after-lowercasing
CHONPS,4,capitalized-only-without-lowercase-source
Christ,4,capitalized-only-without-lowercase-source
Chypre,4,capitalized-only-without-lowercase-source
colore,4,obsolete-or-invalid-form
Contra,4,duplicate-after-lowercasing
coulda,4,excluded-usage:abbreviation
crappy,3,excluded-usage:vulgar
Creole,4,duplicate-after-lowercasing
Cretan,4,capitalized-only-without-lowercase-source
Cyprus,4,capitalized-only-without-lowercase-source
Dalton,4,duplicate-after-lowercasing
Damask,4,duplicate-after-lowercasing
dampne,4,obsolete-or-invalid-form
Daniel,4,duplicate-after-lowercasing
Danish,4,duplicate-after-lowercasing
Darren,4,capitalized-only-without-lowercase-source
Dasein,4,duplicate-after-lowercasing
Dexter,4,duplicate-after-lowercasing
Diablo,4,duplicate-after-lowercasing
Dingle,4,duplicate-after-lowercasing
Doctor,4,duplicate-after-lowercasing
Donald,4,capitalized-only-without-lowercase-source
Dorcas,4,capitalized-only-without-lowercase-source
downto,4,excluded-usage:misspelling
DPOAHC,4,capitalized-only-without-lowercase-source
dreame,4,obsolete-or-invalid-form
Easter,4,duplicate-after-lowercasing
Edward,4,capitalized-only-without-lowercase-source
EEPROM,4,capitalized-only-without-lowercase-source
Eeyore,4,capitalized-only-without-lowercase-source
Eocene,4,capitalized-only-without-lowercase-source
EpiPen,4,capitalized-only-without-lowercase-source
Epirot,4,capitalized-only-without-lowercase-source
Erinys,4,capitalized-only-without-lowercase-source
Eskimo,4,capitalized-only-without-lowercase-source
Europe,4,capitalized-only-without-lowercase-source
Fabian,4,capitalized-only-without-lowercase-source
fantom,4,obsolete-or-invalid-form
Father,4,duplicate-after-lowercasing
Fender,4,duplicate-after-lowercasing
ferior,4,excluded-usage:nonstandard
Fijian,4,capitalized-only-without-lowercase-source
FLOTUS,4,capitalized-only-without-lowercase-source
Frauen,4,capitalized-only-without-lowercase-source
French,4,duplicate-after-lowercasing
Friday,4,capitalized-only-without-lowercase-source
Friend,4,duplicate-after-lowercasing
fucked,4,excluded-root:fuck
fucker,4,"excluded-usage:offensive,vulgar;excluded-usage:vulgar"
fuckup,4,"excluded-usage:offensive,vulgar;excluded-usage:vulgar"
Gaelic,4,capitalized-only-without-lowercase-source
Geneva,4,capitalized-only-without-lowercase-source
Gentoo,4,capitalized-only-without-lowercase-source
George,4,capitalized-only-without-lowercase-source
Goidel,4,capitalized-only-without-lowercase-source
Gollum,4,capitalized-only-without-lowercase-source
Google,4,duplicate-after-lowercasing
Gordon,4,capitalized-only-without-lowercase-source
Gospel,4,duplicate-after-lowercasing
Gothic,4,duplicate-after-lowercasing
govorn,4,excluded-usage:misspelling
Grammy,4,capitalized-only-without-lowercase-source
Greeks,4,capitalized-only-without-lowercase-source
Greens,4,duplicate-after-lowercasing
Gullah,4,capitalized-only-without-lowercase-source
Gurage,4,capitalized-only-without-lowercase-source
Gurkha,4,capitalized-only-without-lowercase-source
gweilo,4,excluded-usage:slur
Hadean,4,capitalized-only-without-lowercase-source
Hammer,4,duplicate-after-lowercasing
Hangul,4,duplicate-after-lowercasing
Hannah,4,capitalized-only-without-lowercase-source
Harari,4,capitalized-only-without-lowercase-source
Hassid,4,capitalized-only-without-lowercase-source
Havana,4,capitalized-only-without-lowercase-source
HazMat,4,capitalized-only-without-lowercase-source
Hebrew,4,capitalized-only-without-lowercase-source
Hermes,4,capitalized-only-without-lowercase-source
Hitler,4,capitalized-only-without-lowercase-source
Hoover,4,duplicate-after-lowercasing
Hudson,4,capitalized-only-without-lowercase-source
Hummel,4,capitalized-only-without-lowercase-source
Hummer,4,duplicate-after-lowercasing
Humvee,4,duplicate-after-lowercasing
hunkey,4,excluded-root:hunky
Indian,4,capitalized-only-without-lowercase-source
Italic,4,duplicate-after-lowercasing
Jaguar,4,duplicate-after-lowercasing
Jammer,4,capitalized-only-without-lowercase-source
Jersey,4,duplicate-after-lowercasing
Jessie,4,capitalized-only-without-lowercase-source
Jesuit,4,capitalized-only-without-lowercase-source
Jewess,4,capitalized-only-without-lowercase-source
Jewish,4,capitalized-only-without-lowercase-source
Johnny,4,duplicate-after-lowercasing
Joseph,4,duplicate-after-lowercasing
Joshua,4,capitalized-only-without-lowercase-source
Jovian,4,capitalized-only-without-lowercase-source
Judges,4,duplicate-after-lowercasing
Junker,4,duplicate-after-lowercasing
Kabuki,4,duplicate-after-lowercasing
Kabyle,4,capitalized-only-without-lowercase-source
Kaiser,4,duplicate-after-lowercasing
Kamboh,4,capitalized-only-without-lowercase-source
Kamboj,4,capitalized-only-without-lowercase-source
Kambuj,4,capitalized-only-without-lowercase-source
Kazakh,4,capitalized-only-without-lowercase-source
keeped,4,excluded-usage:nonstandard
Kelvin,4,duplicate-after-lowercasing
Kenyan,4,capitalized-only-without-lowercase-source
Kevlar,4,duplicate-after-lowercasing
khyber,4,excluded-usage:abbreviation
Korean,4,capitalized-only-without-lowercase-source
Kramer,4,capitalized-only-without-lowercase-source
Kyrgyz,4,capitalized-only-without-lowercase-source
Ladino,4,duplicate-after-lowercasing
Lakota,4,capitalized-only-without-lowercase-source
Lamaze,4,capitalized-only-without-lowercase-source
Lapith,4,capitalized-only-without-lowercase-source
Latina,4,duplicate-after-lowercasing
Latine,4,capitalized-only-without-lowercase-source
Latino,4,duplicate-after-lowercasing
Laurel,4,duplicate-after-lowercasing
lettre,4,obsolete-or-invalid-form
Levant,4,capitalized-only-without-lowercase-source
liason,4,excluded-usage:misspelling
Libyan,4,capitalized-only-without-lowercase-source
Lisbon,4,capitalized-only-without-lowercase-source
Lojban,4,capitalized-only-without-lowercase-source
Lolita,4,duplicate-after-lowercasing
Lorenz,4,capitalized-only-without-lowercase-source
Ludlow,4,capitalized-only-without-lowercase-source
Madame,4,duplicate-after-lowercasing
Madras,4,duplicate-after-lowercasing
Magyar,4,capitalized-only-without-lowercase-source
Malian,4,capitalized-only-without-lowercase-source
Mallet,4,duplicate-after-lowercasing
Manchu,4,capitalized-only-without-lowercase-source
Manila,4,duplicate-after-lowercasing
Mankad,4,capitalized-only-without-lowercase-source
Maoism,4,capitalized-only-without-lowercase-source
Marian,4,capitalized-only-without-lowercase-source
Marine,4,duplicate-after-lowercasing
Martha,4,capitalized-only-without-lowercase-source
Master,4,duplicate-after-lowercasing
Mauser,4,capitalized-only-without-lowercase-source
Median,4,duplicate-after-lowercasing
mierda,4,excluded-usage:vulgar
minger,4,excluded-usage:offensive
Misses,4,capitalized-only-without-lowercase-source
Missus,4,duplicate-after-lowercasing
MMORPG,4,capitalized-only-without-lowercase-source
Moghul,4,capitalized-only-without-lowercase-source
Mohawk,4,duplicate-after-lowercasing
Moksha,4,duplicate-after-lowercasing
Monday,4,capitalized-only-without-lowercase-source
mongol,3,excluded-usage:offensive
Mongol,4,excluded-usage:offensive
morcel,4,obsolete-or-invalid-form
Morgan,4,duplicate-after-lowercasing
Mormon,4,duplicate-after-lowercasing
MOSFET,4,capitalized-only-without-lowercase-source
Moslem,4,capitalized-only-without-lowercase-source
Mother,4,duplicate-after-lowercasing
Muggle,4,duplicate-after-lowercasing
muppet,4,capitalized-root:Muppet
Muppet,4,capitalized-root:Muppet
Muslim,4,capitalized-only-without-lowercase-source
Nassau,4,capitalized-only-without-lowercase-source
Navajo,4,capitalized-only-without-lowercase-source
Nepali,4,capitalized-only-without-lowercase-source
Nereid,4,duplicate-after-lowercasing
niggaz,4,excluded-usage:nonstandard
niglet,4,"excluded-usage:offensive,slur"
Niuean,4,capitalized-only-without-lowercase-source
Norden,4,capitalized-only-without-lowercase-source
Norman,4,duplicate-after-lowercasing
Norrie,4,capitalized-only-without-lowercase-source
Norway,4,capitalized-only-without-lowercase-source
objets,4,excluded-root:objet
Ojibwe,4,capitalized-only-without-lowercase-source
Oliver,4,duplicate-after-lowercasing
Orange,4,duplicate-after-lowercasing
Orient,4,duplicate-after-lowercasing
Ottawa,4,capitalized-only-without-lowercase-source
Oxford,4,capitalized-only-without-lowercase-source
Packer,4,duplicate-after-lowercasing
Pamyat,4,capitalized-only-without-lowercase-source
Panama,4,capitalized-only-without-lowercase-source
panier,4,obsolete-or-invalid-form
Panzer,4,capitalized-only-without-lowercase-source
Papago,4,capitalized-only-without-lowercase-source
papist,4,excluded-usage:slur
partie,4,obsolete-or-invalid-form
Pashto,4,capitalized-only-without-lowercase-source
PEBCAK,4,capitalized-only-without-lowercase-source
phunky,4,excluded-usage:nonstandard
Pinyin,4,duplicate-after-lowercasing
Pisces,4,capitalized-only-without-lowercase-source
Pisgah,4,capitalized-only-without-lowercase-source
pissed,4,excluded-root:piss
Polish,4,duplicate-after-lowercasing
Powers,4,capitalized-only-without-lowercase-source
Prince,4,duplicate-after-lowercasing
punkin,4,excluded-usage:nonstandard
Python,4,duplicate-after-lowercasing
Qatari,4,capitalized-only-without-lowercase-source
Queens,4,capitalized-only-without-lowercase-source
QWERTY,4,duplicate-after-lowercasing
Rachel,4,capitalized-only-without-lowercase-source
Reader,4,duplicate-after-lowercasing
Reform,4,duplicate-after-lowercasing
Romaic,4,capitalized-only-without-lowercase-source
Romans,4,capitalized-only-without-lowercase-source
Romany,4,capitalized-only-without-lowercase-source
Russia,4,capitalized-only-without-lowercase-source
Sabbat,4,duplicate-after-lowercasing
Safavi,4,capitalized-only-without-lowercase-source
salugi,4,capitalized-root:Saluki
Salvos,4,capitalized-only-without-lowercase-source
Samian,4,capitalized-only-without-lowercase-source
Samoan,4,capitalized-only-without-lowercase-source
Saturn,4,capitalized-only-without-lowercase-source
Sayyid,4,capitalized-only-without-lowercase-source
Scotch,4,duplicate-after-lowercasing
Scouse,4,capitalized-only-without-lowercase-source
Segway,4,capitalized-only-without-lowercase-source
Septic,4,duplicate-after-lowercasing
Shaker,4,duplicate-after-lowercasing
Sharia,4,duplicate-after-lowercasing
Sharon,4,capitalized-only-without-lowercase-source
Shiite,4,capitalized-only-without-lowercase-source
shitty,4,excluded-usage:vulgar
shlong,4,excluded-root:schlong
SHRIMP,4,duplicate-after-lowercasing
Sindhi,4,capitalized-only-without-lowercase-source
Singer,4,duplicate-after-lowercasing
Siouan,4,capitalized-only-without-lowercase-source
Slavic,4,capitalized-only-without-lowercase-source
Slinky,4,duplicate-after-lowercasing
Slovak,4,capitalized-only-without-lowercase-source
Somali,4,capitalized-only-without-lowercase-source
Sophia,4,capitalized-only-without-lowercase-source
Sophie,4,capitalized-only-without-lowercase-source
Sphinx,4,duplicate-after-lowercasing
Spiffy,4,duplicate-after-lowercasing
Stella,4,duplicate-after-lowercasing
Strine,4,capitalized-only-without-lowercase-source
Sufism,4,capitalized-only-without-lowercase-source
Sunday,4,capitalized-only-without-lowercase-source
Sunnah,4,capitalized-only-without-lowercase-source
Sussex,4,capitalized-only-without-lowercase-source
swound,4,obsolete-or-invalid-form
Syriac,4,capitalized-only-without-lowercase-source
Syrian,4,capitalized-only-without-lowercase-source
tabued,4,obsolete-or-invalid-form
Tajiki,4,capitalized-only-without-lowercase-source
Taoist,4,capitalized-only-without-lowercase-source
tardis,4,capitalized-root:Tardis
TARDIS,4,capitalized-root:Tardis
Tassie,4,capitalized-only-without-lowercase-source
Taurus,4,capitalized-only-without-lowercase-source
Telugu,4,capitalized-only-without-lowercase-source
Terran,4,capitalized-only-without-lowercase-source
Tetris,4,capitalized-only-without-lowercase-source
Thomas,4,capitalized-only-without-lowercase-source
thorpe,4,obsolete-or-invalid-form
thymus,4,excluded-usage:abbreviation
Tigger,4,capitalized-only-without-lowercase-source
Titian,4,duplicate-after-lowercasing
Tongan,4,capitalized-only-without-lowercase-source
Tonian,4,capitalized-only-without-lowercase-source
Toyota,4,capitalized-only-without-lowercase-source
tricep,4,excluded-usage:nonstandard
Trojan,4,duplicate-after-lowercasing
Tswana,4,capitalized-only-without-lowercase-source
Tupian,4,capitalized-only-without-lowercase-source
Turkey,4,duplicate-after-lowercasing
Turner,4,duplicate-after-lowercasing
Tuscan,4,capitalized-only-without-lowercase-source
Tyrone,4,capitalized-only-without-lowercase-source
unvail,4,obsolete-or-invalid-form
Vandal,4,duplicate-after-lowercasing
ventre,4,obsolete-or-invalid-form
Victor,4,duplicate-after-lowercasing
Viking,4,duplicate-after-lowercasing
Virgin,4,duplicate-after-lowercasing
Vulcan,4,capitalized-only-without-lowercase-source
Wahabi,4,capitalized-only-without-lowercase-source
Walker,4,duplicate-after-lowercasing
wanker,4,excluded-usage:vulgar
westie,4,capitalized-root:Westie
Westie,4,capitalized-root:Westie
whores,3,excluded-root:whore
Wiccan,4,capitalized-only-without-lowercase-source
Wilton,4,capitalized-only-without-lowercase-source
Windex,4,capitalized-only-without-lowercase-source
Winter,4,duplicate-after-lowercasing
Wobbly,4,duplicate-after-lowercasing
Wonder,4,duplicate-after-lowercasing
Xanadu,4,capitalized-only-without-lowercase-source
Yahudi,4,capitalized-only-without-lowercase-source
Yamato,4,capitalized-only-without-lowercase-source
Yankee,4,capitalized-only-without-lowercase-source
yardie,4,capitalized-root:Yardie
Yemeni,4,capitalized-only-without-lowercase-source
Yoruba,4,capitalized-only-without-lowercase-source
Zuchon,4,capitalized-only-without-lowercase-source
Zucker,4,capitalized-only-without-lowercase-source
muslims,4,capitalized-root:Muslim
abassis,4,excluded-root:abassi
Abbasid,4,capitalized-only-without-lowercase-source
Abelian,4,duplicate-after-lowercasing
Abelite,4,capitalized-only-without-lowercase-source
abhored,4,excluded-usage:misspelling
Abilene,4,capitalized-only-without-lowercase-source
Abraham,4,capitalized-only-without-lowercase-source
absolut,4,obsolete-or-invalid-form
abyssus,4,obsolete-or-invalid-form
Acadian,4,capitalized-only-without-lowercase-source
accoast,4,obsolete-or-invalid-form
Achaean,4,capitalized-only-without-lowercase-source
Achaian,4,capitalized-only-without-lowercase-source
acolyth,4,obsolete-or-invalid-form
Admiral,4,duplicate-after-lowercasing
aenigma,4,obsolete-or-invalid-form
African,4,capitalized-only-without-lowercase-source
Alabama,4,capitalized-only-without-lowercase-source
Alfredo,4,capitalized-only-without-lowercase-source
allways,4,excluded-usage:misspelling
Amerind,4,capitalized-only-without-lowercase-source
Anaheim,4,capitalized-root:Anaheim
anaheim,4,capitalized-root:Anaheim
Android,4,duplicate-after-lowercasing
angelus,4,capitalized-root:Angelus
Angelus,4,capitalized-root:Angelus
Anglice,4,capitalized-only-without-lowercase-source
Angolan,4,capitalized-only-without-lowercase-source
apeshit,4,excluded-usage:vulgar
Apulian,4,capitalized-only-without-lowercase-source
Arabian,4,capitalized-only-without-lowercase-source
Aramaic,4,capitalized-only-without-lowercase-source
Arcadia,4,capitalized-only-without-lowercase-source
assoyle,4,obsolete-or-invalid-form
asswipe,4,"excluded-usage:offensive,vulgar;excluded-usage:vulgar"
Avestan,4,capitalized-only-without-lowercase-source
Azorian,4,capitalized-only-without-lowercase-source
Baalist,4,capitalized-only-without-lowercase-source
Bambara,4,capitalized-only-without-lowercase-source
Barnaby,4,capitalized-only-without-lowercase-source
Baroque,4,capitalized-only-without-lowercase-source
basicly,4,excluded-usage:misspelling
Beatles,4,capitalized-only-without-lowercase-source
Beehive,4,duplicate-after-lowercasing
Belgian,4,capitalized-only-without-lowercase-source
belleek,4,capitalized-root:Belleek
Bengali,4,capitalized-only-without-lowercase-source
Bentley,4,capitalized-only-without-lowercase-source
benzole,4,obsolete-or-invalid-form
Bermuda,4,capitalized-only-without-lowercase-source
Bigfoot,4,capitalized-only-without-lowercase-source
blackie,4,excluded-root:blacky
Blessed,4,duplicate-after-lowercasing
Blighty,4,capitalized-only-without-lowercase-source
blowjob,4,excluded-usage:vulgar
Bohemia,4,capitalized-only-without-lowercase-source
bollock,4,excluded-usage:vulgar
Boolean,4,capitalized-only-without-lowercase-source
Bosnian,4,capitalized-only-without-lowercase-source
Brabant,4,capitalized-only-without-lowercase-source
Braille,4,duplicate-after-lowercasing
Bridget,4,capitalized-only-without-lowercase-source
Bristol,4,duplicate-after-lowercasing
Britain,4,capitalized-only-without-lowercase-source
British,4,capitalized-only-without-lowercase-source
Britpop,4,capitalized-only-without-lowercase-source
Brownie,4,duplicate-after-lowercasing
bulemic,4,excluded-usage:misspelling
Burmese,4,capitalized-only-without-lowercase-source
burthen,4,obsolete-or-invalid-form
Bushian,4,capitalized-only-without-lowercase-source
Bushism,4,capitalized-only-without-lowercase-source
caldron,4,obsolete-or-invalid-form
Camboja,4,capitalized-only-without-lowercase-source
Capulet,4,capitalized-only-without-lowercase-source
Catalan,4,capitalized-only-without-lowercase-source
Cebuano,4,capitalized-only-without-lowercase-source
Celsius,4,duplicate-after-lowercasing
Centaur,4,duplicate-after-lowercasing
centile,4,excluded-usage:abbreviation
Chadian,4,capitalized-only-without-lowercase-source
chambre,4,obsolete-or-invalid-form
Charlie,4,duplicate-after-lowercasing
Chechen,4,capitalized-only-without-lowercase-source
Cheddar,4,capitalized-only-without-lowercase-source
Chilean,4,capitalized-only-without-lowercase-source
Chinees,4,capitalized-only-without-lowercase-source
Chinese,4,capitalized-only-without-lowercase-source
Chumash,4,capitalized-only-without-lowercase-source
Chuvash,4,capitalized-only-without-lowercase-source
Cockney,4,capitalized-only-without-lowercase-source
cojones,4,excluded-usage:vulgar
Cornish,4,duplicate-after-lowercasing
Cossack,4,capitalized-only-without-lowercase-source
Cremona,4,capitalized-only-without-lowercase-source
Crispin,4,capitalized-only-without-lowercase-source
Croydon,4,capitalized-only-without-lowercase-source
Crusade,4,duplicate-after-lowercasing
cumshot,4,excluded-usage:vulgar
Cynical,4,duplicate-after-lowercasing
Cypriot,4,capitalized-only-without-lowercase-source
damosel,4,obsolete-or-invalid-form
decieve,4,excluded-usage:misspelling
Dervish,4,duplicate-after-lowercasing
Deutsch,4,capitalized-only-without-lowercase-source
dickwad,4,"excluded-usage:offensive,vulgar"
Dracula,4,capitalized-only-without-lowercase-source
Dresden,4,capitalized-only-without-lowercase-source
drinken,4,excluded-usage:nonstandard
duology,4,excluded-usage:nonstandard
Ecstasy,4,duplicate-after-lowercasing
Ecuador,4,capitalized-only-without-lowercase-source
Elector,4,duplicate-after-lowercasing
Emirian,4,capitalized-only-without-lowercase-source
English,4,duplicate-after-lowercasing
Euboean,4,capitalized-only-without-lowercase-source
Everest,4,capitalized-only-without-lowercase-source
expence,4,obsolete-or-invalid-form
Faroese,4,capitalized-only-without-lowercase-source
Ferrara,4,capitalized-only-without-lowercase-source
Finnish,4,capitalized-only-without-lowercase-source
Flemish,4,duplicate-after-lowercasing
floride,4,excluded-usage:misspelling
Forelle,4,capitalized-only-without-lowercase-source
fornace,4,obsolete-or-invalid-form
Friends,4,duplicate-after-lowercasing
Frisbee,4,duplicate-after-lowercasing
Frisian,4,capitalized-only-without-lowercase-source
fucking,4,excluded-root:fuck
fuckwad,4,"excluded-usage:offensive,vulgar;excluded-usage:vulgar"
fuckwit,4,"excluded-usage:offensive,vulgar"
Fuegian,4,capitalized-only-without-lowercase-source
Gambian,4,capitalized-only-without-lowercase-source
Ganesha,4,capitalized-only-without-lowercase-source
General,4,duplicate-after-lowercasing
Genesis,4,duplicate-after-lowercasing
Genoese,4,capitalized-only-without-lowercase-source
Gentile,4,duplicate-after-lowercasing
Gestalt,4,duplicate-after-lowercasing
Gnostic,4,duplicate-after-lowercasing
Gregory,4,capitalized-only-without-lowercase-source
Guinean,4,capitalized-only-without-lowercase-source
Haitian,4,capitalized-only-without-lowercase-source
Hamburg,4,capitalized-only-without-lowercase-source
Hangeul,4,capitalized-only-without-lowercase-source
Hansard,4,capitalized-only-without-lowercase-source
Heimweh,4,capitalized-only-without-lowercase-source
Himself,4,duplicate-after-lowercasing
Hispano,4,capitalized-only-without-lowercase-source
Hokkien,4,capitalized-only-without-lowercase-source
Hoosier,4,capitalized-only-without-lowercase-source
Iberian,4,capitalized-only-without-lowercase-source
Ilocano,4,capitalized-only-without-lowercase-source
Ilokano,4,capitalized-only-without-lowercase-source
intrust,4,obsolete-or-invalid-form
Iranian,4,capitalized-only-without-lowercase-source
Ishmael,4,capitalized-only-without-lowercase-source
Islamic,4,capitalized-only-without-lowercase-source
Israeli,4,capitalized-only-without-lowercase-source
Italian,4,capitalized-only-without-lowercase-source
Ivorian,4,capitalized-only-without-lowercase-source
Jackson,4,capitalized-only-without-lowercase-source
Japscat,4,capitalized-only-without-lowercase-source
Jehovah,4,capitalized-only-without-lowercase-source
jerkoff,4,excluded-usage:vulgar
jigaboo,4,excluded-usage:offensive
Johnson,4,duplicate-after-lowercasing
Jupiter,4,capitalized-only-without-lowercase-source
Kamboja,4,capitalized-only-without-lowercase-source
Kambuja,4,capitalized-only-without-lowercase-source
Kannada,4,capitalized-only-without-lowercase-source
Kashmir,4,capitalized-only-without-lowercase-source
Klingon,4,capitalized-only-without-lowercase-source
Koreish,4,capitalized-only-without-lowercase-source
Kurdish,4,capitalized-only-without-lowercase-source
Kuwaiti,4,capitalized-only-without-lowercase-source
Lalique,4,capitalized-only-without-lowercase-source
Laotian,4,capitalized-only-without-lowercase-source
Latvian,4,capitalized-only-without-lowercase-source
Lesbian,4,duplicate-after-lowercasing
Lethean,4,capitalized-only-without-lowercase-source
Liberal,4,duplicate-after-lowercasing
Lincoln,4,capitalized-only-without-lowercase-source
Linnean,4,capitalized-only-without-lowercase-source
Lombard,4,capitalized-only-without-lowercase-source
Luddite,4,duplicate-after-lowercasing
Madeira,4,duplicate-after-lowercasing
Mafiosi,4,capitalized-only-without-lowercase-source
Mafioso,4,capitalized-only-without-lowercase-source
Mahoran,4,capitalized-only-without-lowercase-source
Majesty,4,duplicate-after-lowercasing
Malacca,4,capitalized-only-without-lowercase-source
Maltese,4,capitalized-only-without-lowercase-source
Marathi,4,capitalized-only-without-lowercase-source
mariage,4,obsolete-or-invalid-form
Mariner,4,duplicate-after-lowercasing
Marmite,4,duplicate-after-lowercasing
Martial,4,duplicate-after-lowercasing
Martian,4,duplicate-after-lowercasing
Marxism,4,duplicate-after-lowercasing
Marxist,4,capitalized-only-without-lowercase-source
Masonic,4,capitalized-only-without-lowercase-source
Masters,4,duplicate-after-lowercasing
Mercury,4,duplicate-after-lowercasing
Mexican,4,capitalized-only-without-lowercase-source
Miocene,4,capitalized-only-without-lowercase-source
Moabite,4,capitalized-only-without-lowercase-source
moderne,4,obsolete-or-invalid-form
Mohican,4,capitalized-only-without-lowercase-source
momento,4,excluded-usage:misspelling
monstre,4,obsolete-or-invalid-form
mortage,4,excluded-usage:misspelling
Mountie,4,capitalized-only-without-lowercase-source
Mozarab,4,capitalized-only-without-lowercase-source
Muganda,4,capitalized-only-without-lowercase-source
musique,4,obsolete-or-invalid-form
Myanmar,4,capitalized-only-without-lowercase-source
Nahuatl,4,capitalized-only-without-lowercase-source
Nauruan,4,capitalized-only-without-lowercase-source
Ndebele,4,capitalized-only-without-lowercase-source
negroid,4,"excluded-usage:offensive;excluded-usage:offensive,slur"
Neogene,4,capitalized-only-without-lowercase-source
Nihongo,4,capitalized-only-without-lowercase-source
Norfolk,4,capitalized-only-without-lowercase-source
Normans,4,capitalized-only-without-lowercase-source
Occitan,4,capitalized-only-without-lowercase-source
Oceania,4,capitalized-only-without-lowercase-source
Oceanid,4,capitalized-only-without-lowercase-source
octapus,4,excluded-usage:misspelling
October,4,capitalized-only-without-lowercase-source
Odinist,4,capitalized-only-without-lowercase-source
Oedipal,4,duplicate-after-lowercasing
Olympic,4,capitalized-only-without-lowercase-source
Ordnung,4,capitalized-only-without-lowercase-source
Orleans,4,capitalized-only-without-lowercase-source
Ottoman,4,duplicate-after-lowercasing
Pacific,4,duplicate-after-lowercasing
Panjabi,4,capitalized-only-without-lowercase-source
Patriot,4,duplicate-after-lowercasing
Pegasus,4,capitalized-only-without-lowercase-source
Pentium,4,capitalized-only-without-lowercase-source
Permian,4,capitalized-only-without-lowercase-source
Persian,4,capitalized-only-without-lowercase-source
Peugeot,4,capitalized-only-without-lowercase-source
Phantom,4,duplicate-after-lowercasing
Pharaoh,4,duplicate-after-lowercasing
Phoenix,4,duplicate-after-lowercasing
Pilates,4,capitalized-only-without-lowercase-source
Poisson,4,capitalized-only-without-lowercase-source
potatos,4,excluded-usage:misspelling
praught,4,excluded-usage:nonstandard
Pridoli,4,capitalized-only-without-lowercase-source
Proctor,4,duplicate-after-lowercasing
Pullman,4,capitalized-only-without-lowercase-source
Punjabi,4,capitalized-only-without-lowercase-source
Puritan,4,duplicate-after-lowercasing
Pyrrhic,4,duplicate-after-lowercasing
Quechua,4,capitalized-only-without-lowercase-source
quinina,4,obsolete-or-invalid-form
Quraysh,4,capitalized-only-without-lowercase-source
ratshit,4,excluded-usage:vulgar
Rebecca,4,capitalized-only-without-lowercase-source
Richard,4,capitalized-only-without-lowercase-source
Richter,4,capitalized-only-without-lowercase-source
Romance,4,duplicate-after-lowercasing
Rubicon,4,capitalized-only-without-lowercase-source
Rubisco,4,capitalized-only-without-lowercase-source
Russian,4,capitalized-only-without-lowercase-source
Rwandan,4,capitalized-only-without-lowercase-source
Sabbath,4,duplicate-after-lowercasing
Safavid,4,capitalized-only-without-lowercase-source
Sahrawi,4,capitalized-only-without-lowercase-source
Sapphic,4,capitalized-only-without-lowercase-source
Satnami,4,capitalized-only-without-lowercase-source
Schlitz,4,capitalized-only-without-lowercase-source
Scorpio,4,capitalized-only-without-lowercase-source
Scouser,4,capitalized-only-without-lowercase-source
scumbag,3,excluded-usage:vulgar
Scunner,4,duplicate-after-lowercasing
Semitic,4,capitalized-only-without-lowercase-source
Senator,4,duplicate-after-lowercasing
Serbian,4,capitalized-only-without-lowercase-source
Shawnee,4,capitalized-only-without-lowercase-source
Shirley,4,capitalized-only-without-lowercase-source
shoulda,4,excluded-usage:abbreviation
shylock,4,"excluded-usage:offensive;excluded-usage:offensive,slur"
Shylock,4,"excluded-usage:offensive;excluded-usage:offensive,slur"
Siamese,4,capitalized-only-without-lowercase-source
Siberia,4,capitalized-only-without-lowercase-source
Sinhala,4,capitalized-only-without-lowercase-source
Slovene,4,capitalized-only-without-lowercase-source
Slurpee,4,capitalized-only-without-lowercase-source
Solomon,4,capitalized-only-without-lowercase-source
Sorbian,4,capitalized-only-without-lowercase-source
Spanish,4,capitalized-only-without-lowercase-source
spindel,4,obsolete-or-invalid-form
Stilton,4,capitalized-only-without-lowercase-source
Stinger,4,duplicate-after-lowercasing
Student,4,duplicate-after-lowercasing
stygian,4,capitalized-root:Stygian
Sudeten,4,capitalized-only-without-lowercase-source
Sumatra,4,capitalized-only-without-lowercase-source
Swahili,4,capitalized-only-without-lowercase-source
Swedish,4,capitalized-only-without-lowercase-source
Tabasco,4,duplicate-after-lowercasing
Tagalog,4,capitalized-only-without-lowercase-source
Taliban,4,capitalized-only-without-lowercase-source
technol,4,excluded-usage:abbreviation
throwed,4,excluded-usage:nonstandard
Tibetan,4,capitalized-only-without-lowercase-source
Titanic,4,duplicate-after-lowercasing
torroid,4,excluded-usage:misspelling
Transit,4,duplicate-after-lowercasing
Trekker,4,capitalized-only-without-lowercase-source
Trekkie,4,capitalized-only-without-lowercase-source
Tuesday,4,capitalized-only-without-lowercase-source
Turkish,4,capitalized-only-without-lowercase-source
Turkmen,4,capitalized-only-without-lowercase-source
Twinkie,4,capitalized-only-without-lowercase-source
tzigane,4,excluded-usage:offensive
Tzotzil,4,capitalized-only-without-lowercase-source
Ugandan,4,capitalized-only-without-lowercase-source
Umayyad,4,capitalized-only-without-lowercase-source
Unicode,4,proper-name-or-nonword-sense
Uranian,4,capitalized-only-without-lowercase-source
vanille,4,obsolete-or-invalid-form
Vatican,4,capitalized-only-without-lowercase-source
verbify,4,excluded-usage:nonstandard
Vietnam,4,capitalized-only-without-lowercase-source
vulcano,4,obsolete-or-invalid-form
Wahhabi,4,capitalized-only-without-lowercase-source
Walkman,4,duplicate-after-lowercasing
Walloon,4,capitalized-only-without-lowercase-source
Wenlock,4,capitalized-only-without-lowercase-source
Western,4,duplicate-after-lowercasing
Whitsun,4,capitalized-only-without-lowercase-source
Whovian,4,capitalized-only-without-lowercase-source
William,4,capitalized-only-without-lowercase-source
Wookiee,4,capitalized-only-without-lowercase-source
Worship,4,duplicate-after-lowercasing
Xianity,4,capitalized-only-without-lowercase-source
Yiddish,4,capitalized-only-without-lowercase-source
Yucatec,4,capitalized-only-without-lowercase-source
Zairean,4,capitalized-only-without-lowercase-source
Zairian,4,capitalized-only-without-lowercase-source
Zambian,4,capitalized-only-without-lowercase-source
Zionism,4,capitalized-only-without-lowercase-source
Zionist,4,capitalized-only-without-lowercase-source
